{
    "accuracy": 0.40959,
    "precision": 0.9992725117206445,
    "recall": 0.38591689992820055,
    "f1_score": 0.5567991592538378,
    "threshold": 0.0016104200622066855,
    "epochs": 10,
    "batch_size": 128,
    "seq_len": 15,
    "input_dim": 110,
    "max_benign_train": 100000,
    "max_test": 100000
}