{
    "accuracy": 0.5748646524238918,
    "precision": 0.9995090172766605,
    "recall": 0.5577254398658475,
    "f1_score": 0.7159507725425217,
    "threshold": 0.0006966217188164592,
    "epochs": 10,
    "batch_size": 128,
    "seq_len": 15,
    "input_dim": 78
}