{
    "accuracy": 0.81758512335092,
    "precision": 0.827397477591814,
    "recall": 0.09352724403518367,
    "f1_score": 0.16805761422955467,
    "threshold": 0.012821370798698762,
    "epochs": 10,
    "batch_size": 256
}