{
    "percentile": 95.0,
    "threshold": 0.0001620514813112095,
    "accuracy": 0.7325,
    "precision": 0.9968192563937245,
    "recall": 0.7239570868149134,
    "f1": 0.8387544003472055
}